{
  "project_info": {
    "project_number": "182044107697",
    "project_id": "syncro-2022",
    "storage_bucket": "syncro-2022.appspot.com"
  },
  "client": [
    {
      "client_info": {
        "mobilesdk_app_id": "1:182044107697:android:80eefaeae783a9aabd1390",
        "android_client_info": {
          "package_name": "com.bruno.syncro"
        }
      },
      "oauth_client": [
        {
          "client_id": "182044107697-c28rfb0kldh6sia6opulmfru1qjcg9k3.apps.googleusercontent.com",
          "client_type": 3
        }
      ],
      "api_key": [
        {
          "current_key": "AIzaSyCQwZh-Kia-Xf5LQgrPZY_KW_8Vg4Ybsvs"
        }
      ],
      "services": {
        "appinvite_service": {
          "other_platform_oauth_client": [
            {
              "client_id": "182044107697-c28rfb0kldh6sia6opulmfru1qjcg9k3.apps.googleusercontent.com",
              "client_type": 3
            }
          ]
        }
      }
    }
  ],
  "configuration_version": "1"
}